{
  "guidelines": {
    "testimonials": {
      "format": ["JPG", "PNG", "WebP"],
      "dimensions": "200x200px minimum",
      "style": "Professional headshots",
      "background": "Clean, professional backgrounds preferred"
    },
    "heroes": {
      "format": ["SVG", "PNG", "JPG"],
      "dimensions": "1920x1080px or larger for backgrounds",
      "style": "High-quality illustrations and graphics",
      "optimization": "Compress for web without quality loss"
    },
    "features": {
      "format": ["SVG preferred", "PNG with transparency"],
      "dimensions": "Variable based on usage",
      "style": "Consistent with design system",
      "colors": "Match brand color palette"
    },
    "logos": {
      "format": ["SVG preferred", "PNG with transparency"],
      "dimensions": "200x100px for partner logos",
      "style": "Clean, professional branding",
      "background": "Transparent backgrounds required"
    }
  },
  "naming_convention": {
    "pattern": "kebab-case",
    "examples": ["arjun-sharma.jpg", "blockchain-india-logo.png", "ai-governance-illustration.svg"]
  },
  "optimization": {
    "max_file_size": "500KB for photos, 100KB for icons",
    "compression": "Use modern formats like WebP when possible",
    "responsive": "Provide multiple sizes for responsive images"
  }
}
